id;first_name;last_name;email;message
1;Filiberto;Upton;Ward.Jones43@gmail.com;Peru Oregon India
2;Ricky;Rutherford;Lowell38@hotmail.com;Response capacitor
3;Ismael;Batz;Karli_Blick82@hotmail.com;Personal
4;Jeffry;Glover;Vilma_Kunze56@hotmail.com;copying Chair
5;Jackson;Berge;Austen28@gmail.com;Incredible
6;Ava;Turcotte;Agustina80@yahoo.com;Grocery
7;Erica;Spencer;Mckenna.Feil48@gmail.com;process magenta Handcrafted
8;Terrill;Mayer;Toney_Gerlach@yahoo.com;New Burg
9;Teresa;Barrows;Randy.Koss@hotmail.com;Architect South SDD
10;Gerard;Gaylord;Lonny93@yahoo.com;Manat
