id;title;description;time;video_id;scaling
1;Electronics Refined;Security;129;Sleek next-generation Soft;Division Tasty Sausages
2;Pizza Kip;content-based reboot Table;25;Industrial Mandatory;Agent Bulgaria
3;cutting-edge Computers;Granite Rhode Account;79;Georgia strategize;bypassing action-items Avon
4;Crescent Cape integrated;RAM Identity Cheese;178;Human;Officer platforms
5;yellow ubiquitous;Market Personal microchip;80;yellow Avon Hampshire;Unbranded
6;Chicken;Mexico;145;brand;Cotton
7;Awesome;Maldives Fish Peso;154;paradigm USB orchid;impactful users
8;Investment;Soap;132;generate Direct;online Unbranded
9;full-range synthesizing Account;Account Frozen;168;of;Dollar Ergonomic indexing
10;bifurcated Sausages;New Extensions;45;proactive;Soft Grocery
